Datum;Tijd;Lgstk aantal stickers;Relatie nr_;Relatie collicode;Beladings aantallen;Product omschrijving 1;Transactieid;Opmerking5;Entry
2023-07-18 00:00:00.000;1754-01-01 09:49:15.763;1;K550221;174-NEUNKIRCHE;2x1;Buxus semp. Pyramide 60;161CB69B-5B43-4F58-AFF7-002F242314E8;DI;11805518
2023-07-18 00:00:00.000;1754-01-01 09:49:15.780;1;K510046;048-NEUOETTING;3x1;Buxus semp. Pyramide 60;161CB69B-5B43-4F58-AFF7-002F242314E8;DI;11805519
2023-07-18 00:00:00.000;1754-01-01 09:49:15.780;1;K510057;059-NEUSTADT;2x1;Buxus semp. Pyramide 60;161CB69B-5B43-4F58-AFF7-002F242314E8;DI;11805520
2023-07-18 00:00:00.000;1754-01-01 09:49:15.780;1;K510063;065-KOBLENZ;2x1;Buxus semp. Pyramide 60;161CB69B-5B43-4F58-AFF7-002F242314E8;DI;11805521
2023-07-18 00:00:00.000;1754-01-01 09:49:15.793;1;K510071;074-GERMERING;2x1;Buxus semp. Pyramide 60;161CB69B-5B43-4F58-AFF7-002F242314E8;DI;11805522
2023-07-18 00:00:00.000;1754-01-01 09:49:15.793;1;K550184;126-WAIBLINGEN;2x1;Buxus semp. Pyramide 60;161CB69B-5B43-4F58-AFF7-002F242314E8;DI;11805523
2023-07-18 00:00:00.000;1754-01-01 09:49:15.793;1;K510002;004-VOELS-CYTA;2x1;Buxus semp. Pyramide 60;161CB69B-5B43-4F58-AFF7-002F242314E8;WO;11805524
2023-07-18 00:00:00.000;1754-01-01 09:49:15.810;1;K510009;011-HEIDESHEIM;1x1;Buxus semp. Pyramide 60;161CB69B-5B43-4F58-AFF7-002F242314E8;WO;11805525
2023-07-18 00:00:00.000;1754-01-01 08:26:21.983;1;K510005;007-WIEN-HIRSCH;1x12;Euonymus jap. 'Kathy';AA0A90D5-AEA9-43C9-96E2-0096624643B9;WO;11802744
2023-07-18 00:00:00.000;1754-01-01 08:26:21.983;1;K550186;172-KLAGENFURT;1x12;Euonymus jap. 'Kathy';AA0A90D5-AEA9-43C9-96E2-0096624643B9;WO;11802745
2023-07-18 00:00:00.000;1754-01-01 08:26:22.000;1;K510076;082-RAIN (BLUM;2x12;Euonymus jap. 'Kathy';AA0A90D5-AEA9-43C9-96E2-0096624643B9;WO;11802746
2023-07-18 00:00:00.000;1754-01-01 08:26:22.000;1;K510102;112-KAMEN;1x12;Euonymus jap. 'Kathy';AA0A90D5-AEA9-43C9-96E2-0096624643B9;WO;11802747
2023-07-18 00:00:00.000;1754-01-01 09:32:18.397;1;K510001;003-WIEN II S;1x4;Euonymus Green Rocket;8C1B7E11-AFF1-490B-9742-00EA6BDBBEE5;DI;11805065
2023-07-18 00:00:00.000;1754-01-01 09:32:18.397;1;K510033;035-SAARBRUECK;1x4;Euonymus Green Rocket;8C1B7E11-AFF1-490B-9742-00EA6BDBBEE5;DI;11805066
2023-07-18 00:00:00.000;1754-01-01 09:32:18.397;1;K550163;129-FRANKFURT;1x4;Euonymus Green Rocket;8C1B7E11-AFF1-490B-9742-00EA6BDBBEE5;DI;11805067
2023-07-18 00:00:00.000;1754-01-01 09:32:18.413;1;K510008;010-PASCHING-LI;1x4;Euonymus Green Rocket;8C1B7E11-AFF1-490B-9742-00EA6BDBBEE5;WO;11805068
2023-07-18 00:00:00.000;1754-01-01 09:32:18.413;1;K510009;011-HEIDESHEIM;2x4;Euonymus Green Rocket;8C1B7E11-AFF1-490B-9742-00EA6BDBBEE5;WO;11805069
2023-07-18 00:00:00.000;1754-01-01 09:32:18.413;1;K510025;027-TRIER;1x4;Euonymus Green Rocket;8C1B7E11-AFF1-490B-9742-00EA6BDBBEE5;WO;11805070
2023-07-18 00:00:00.000;1754-01-01 09:32:18.413;1;K510030;032-NEUTRAUBLI;2x4;Euonymus Green Rocket;8C1B7E11-AFF1-490B-9742-00EA6BDBBEE5;WO;11805071
2023-07-18 00:00:00.000;1754-01-01 09:32:18.430;1;K510078;084-INGOLSTADT;2x4;Euonymus Green Rocket;8C1B7E11-AFF1-490B-9742-00EA6BDBBEE5;WO;11805072
2023-07-18 00:00:00.000;1754-01-01 09:32:18.430;1;K510095;104-DUSSELDORF;1x4;Euonymus Green Rocket;8C1B7E11-AFF1-490B-9742-00EA6BDBBEE5;WO;11805073
2023-07-18 00:00:00.000;1754-01-01 09:32:18.430;1;K550183;130-INGOLSTADT;1x4;Euonymus Green Rocket;8C1B7E11-AFF1-490B-9742-00EA6BDBBEE5;WO;11805074
2023-07-18 00:00:00.000;1754-01-01 15:32:52.923;1;K510091;097-KARLSRUHE;1x6;Taxus Baccata;BA01CE23-7A2B-4DAE-910C-017841A144EF;DI;11812427
2023-07-18 00:00:00.000;1754-01-01 08:40:27.533;1;K510056;058-WEIL;1x6;Hygrophila Polys. Rosanervig;2BF6CF7B-26B2-4D5D-AE40-01C2E87BDED1;DI;11803113
2023-07-18 00:00:00.000;1754-01-01 08:40:27.533;1;K550133;170-WELS;1x6;Hygrophila Polys. Rosanervig;2BF6CF7B-26B2-4D5D-AE40-01C2E87BDED1;WO;11803114
2023-07-18 00:00:00.000;1754-01-01 08:40:27.547;1;K510062;064-BAD KREUZN;1x6;Hygrophila Polys. Rosanervig;2BF6CF7B-26B2-4D5D-AE40-01C2E87BDED1;WO;11803115
2023-07-18 00:00:00.000;1754-01-01 08:35:16.503;1;K550274;178-WIEN AUHOF;2x1;Buxus semp. Kugel 18/20;6B9EBFC7-67E5-4D42-8E72-01C64B0E3219;DI;11802963
2023-07-18 00:00:00.000;1754-01-01 08:35:16.503;1;K510032;034-NEU-ULM;2x1;Buxus semp. Kugel 18/20;6B9EBFC7-67E5-4D42-8E72-01C64B0E3219;DI;11802964
2023-07-18 00:00:00.000;1754-01-01 08:35:16.503;1;K510046;048-NEUOETTING;5x1;Buxus semp. Kugel 18/20;6B9EBFC7-67E5-4D42-8E72-01C64B0E3219;DI;11802965
2023-07-18 00:00:00.000;1754-01-01 08:35:16.520;1;K510047;049-ALBSTADT;2x1;Buxus semp. Kugel 18/20;6B9EBFC7-67E5-4D42-8E72-01C64B0E3219;DI;11802966
2023-07-18 00:00:00.000;1754-01-01 08:35:16.520;1;K510053;055-PASSAU;2x1;Buxus semp. Kugel 18/20;6B9EBFC7-67E5-4D42-8E72-01C64B0E3219;DI;11802967
2023-07-18 00:00:00.000;1754-01-01 08:35:16.520;1;K510055;057-OBERKOTZAU;2x1;Buxus semp. Kugel 18/20;6B9EBFC7-67E5-4D42-8E72-01C64B0E3219;DI;11802968
2023-07-18 00:00:00.000;1754-01-01 08:35:16.520;1;K510057;059-NEUSTADT;4x1;Buxus semp. Kugel 18/20;6B9EBFC7-67E5-4D42-8E72-01C64B0E3219;DI;11802969
2023-07-18 00:00:00.000;1754-01-01 08:35:16.520;1;K510098;108-HAMBURG II;2x1;Buxus semp. Kugel 18/20;6B9EBFC7-67E5-4D42-8E72-01C64B0E3219;DI;11802970
2023-07-18 00:00:00.000;1754-01-01 08:35:16.520;1;K510099;109-FRECHEN;2x1;Buxus semp. Kugel 18/20;6B9EBFC7-67E5-4D42-8E72-01C64B0E3219;DI;11802971
2023-07-18 00:00:00.000;1754-01-01 08:35:16.537;1;K550218;113-CHEMNITZ;6x1;Buxus semp. Kugel 18/20;6B9EBFC7-67E5-4D42-8E72-01C64B0E3219;DI;11802972
2023-07-18 00:00:00.000;1754-01-01 08:35:16.540;1;K550220;136-BOUS;2x1;Buxus semp. Kugel 18/20;6B9EBFC7-67E5-4D42-8E72-01C64B0E3219;DI;11802973
2023-07-18 00:00:00.000;1754-01-01 08:35:16.540;1;K510002;004-VOELS-CYTA;2x1;Buxus semp. Kugel 18/20;6B9EBFC7-67E5-4D42-8E72-01C64B0E3219;WO;11802974
2023-07-18 00:00:00.000;1754-01-01 08:35:16.540;1;K550207;171-WIENER NEUS;2x1;Buxus semp. Kugel 18/20;6B9EBFC7-67E5-4D42-8E72-01C64B0E3219;WO;11802975
2023-07-18 00:00:00.000;1754-01-01 08:35:16.540;1;K550186;172-KLAGENFURT;2x1;Buxus semp. Kugel 18/20;6B9EBFC7-67E5-4D42-8E72-01C64B0E3219;WO;11802976
2023-07-18 00:00:00.000;1754-01-01 08:35:16.540;1;K510011;013-BENSHEIM;3x1;Buxus semp. Kugel 18/20;6B9EBFC7-67E5-4D42-8E72-01C64B0E3219;WO;11802977
2023-07-18 00:00:00.000;1754-01-01 08:35:16.557;1;K510093;101-TRAUNSTEIN;2x1;Buxus semp. Kugel 18/20;6B9EBFC7-67E5-4D42-8E72-01C64B0E3219;WO;11802978
2023-07-18 00:00:00.000;1754-01-01 08:35:16.557;1;K550106;119-FREIBURG;3x1;Buxus semp. Kugel 18/20;6B9EBFC7-67E5-4D42-8E72-01C64B0E3219;WO;11802979
2023-07-18 00:00:00.000;1754-01-01 08:35:16.557;1;K550181;127-NUERNBERG;2x1;Buxus semp. Kugel 18/20;6B9EBFC7-67E5-4D42-8E72-01C64B0E3219;WO;11802980
2023-07-18 00:00:00.000;1754-01-01 08:35:16.557;1;K550183;130-INGOLSTADT;2x1;Buxus semp. Kugel 18/20;6B9EBFC7-67E5-4D42-8E72-01C64B0E3219;WO;11802981
2023-07-18 00:00:00.000;1754-01-01 10:36:38.390;1;K510075;080-SENDEN;1x4;PHALA. VICTORIO 2 TR OPTI;25F29C97-D494-43BD-AF26-02239D5F010C;DI;11806231
2023-07-18 00:00:00.000;1754-01-01 10:36:38.403;1;K510039;041-STRAUBING;1x4;PHALA. VICTORIO 2 TR OPTI;25F29C97-D494-43BD-AF26-02239D5F010C;WO;11806232
2023-07-18 00:00:00.000;1754-01-01 10:36:38.403;1;K510076;082-RAIN (BLUM;1x4;PHALA. VICTORIO 2 TR OPTI;25F29C97-D494-43BD-AF26-02239D5F010C;WO;11806233
2023-07-18 00:00:00.000;1754-01-01 16:27:08.687;1;K500021;443-VERSAND;1x1;GUZMANIA TALA;BB4625F4-A394-4FAF-81EB-02CE7280A183;DI;11812770
2023-07-18 00:00:00.000;1754-01-01 14:14:08.437;1;K550230;176-ANIF;2x4;Snack Paprika Rot;7ACAA1E3-DC1C-4F42-9187-0367C3F530CD;WO;11810619
2023-07-18 00:00:00.000;1754-01-01 14:14:08.453;1;K550221;174-NEUNKIRCHE;2x4;Snack Paprika Rot;7ACAA1E3-DC1C-4F42-9187-0367C3F530CD;DI;11810620
2023-07-18 00:00:00.000;1754-01-01 14:14:08.453;1;K510010;012-WITTEN;2x4;Snack Paprika Rot;7ACAA1E3-DC1C-4F42-9187-0367C3F530CD;DI;11810621
2023-07-18 00:00:00.000;1754-01-01 14:14:08.470;1;K510064;066-KOENIGSBRU;1x4;Snack Paprika Rot;7ACAA1E3-DC1C-4F42-9187-0367C3F530CD;DI;11810622
2023-07-18 00:00:00.000;1754-01-01 14:14:08.470;1;K510066;068-FRIEDRICHS;1x4;Snack Paprika Rot;7ACAA1E3-DC1C-4F42-9187-0367C3F530CD;DI;11810623
2023-07-18 00:00:00.000;1754-01-01 14:14:08.470;1;K510079;085-DIETZENBAC;1x4;Snack Paprika Rot;7ACAA1E3-DC1C-4F42-9187-0367C3F530CD;DI;11810624
2023-07-18 00:00:00.000;1754-01-01 14:14:08.470;1;K510082;088-LANDSHUT;1x4;Snack Paprika Rot;7ACAA1E3-DC1C-4F42-9187-0367C3F530CD;DI;11810625
2023-07-18 00:00:00.000;1754-01-01 14:14:08.470;1;K550211;114-ERFURT;1x4;Snack Paprika Rot;7ACAA1E3-DC1C-4F42-9187-0367C3F530CD;DI;11810626
2023-07-18 00:00:00.000;1754-01-01 14:14:08.487;1;K510006;008-BRUNN AM G;1x4;Snack Paprika Rot;7ACAA1E3-DC1C-4F42-9187-0367C3F530CD;WO;11810627
2023-07-18 00:00:00.000;1754-01-01 14:14:08.487;1;K510007;009-HOHENEMS;2x4;Snack Paprika Rot;7ACAA1E3-DC1C-4F42-9187-0367C3F530CD;WO;11810628
2023-07-18 00:00:00.000;1754-01-01 14:14:08.487;1;K550230;176-ANIF;2x4;Snack Paprika Rot;7ACAA1E3-DC1C-4F42-9187-0367C3F530CD;WO;11810629
2023-07-18 00:00:00.000;1754-01-01 14:14:08.500;1;K510011;013-BENSHEIM;1x4;Snack Paprika Rot;7ACAA1E3-DC1C-4F42-9187-0367C3F530CD;WO;11810630
2023-07-18 00:00:00.000;1754-01-01 14:14:08.500;1;K510016;018-LUDWIGSHAF;1x4;Snack Paprika Rot;7ACAA1E3-DC1C-4F42-9187-0367C3F530CD;WO;11810631
2023-07-18 00:00:00.000;1754-01-01 14:14:08.500;1;K510021;023-MAINASCHAF;1x4;Snack Paprika Rot;7ACAA1E3-DC1C-4F42-9187-0367C3F530CD;WO;11810632
2023-07-18 00:00:00.000;1754-01-01 14:14:08.500;1;K510092;098-RAVENSBURG;1x4;Snack Paprika Rot;7ACAA1E3-DC1C-4F42-9187-0367C3F530CD;WO;11810633
2023-07-18 00:00:00.000;1754-01-01 14:14:08.500;1;K510100;110-DRESDEN II;1x4;Snack Paprika Rot;7ACAA1E3-DC1C-4F42-9187-0367C3F530CD;WO;11810634
2023-07-18 00:00:00.000;1754-01-01 14:14:08.517;1;K550106;119-FREIBURG;1x4;Snack Paprika Rot;7ACAA1E3-DC1C-4F42-9187-0367C3F530CD;WO;11810635
2023-07-18 00:00:00.000;1754-01-01 08:15:06.517;1;K500021;443-VERSAND;1x12;Pachysandra terminalis;D843DF6D-96E3-441D-8FC6-039A4A7BAF0A;DI;11802124
2023-07-18 00:00:00.000;1754-01-01 08:15:06.530;1;K510001;003-WIEN II S;1x12;Pachysandra terminalis;D843DF6D-96E3-441D-8FC6-039A4A7BAF0A;DI;11802125
2023-07-18 00:00:00.000;1754-01-01 08:15:06.530;1;K510033;035-SAARBRUECK;1x12;Pachysandra terminalis;D843DF6D-96E3-441D-8FC6-039A4A7BAF0A;DI;11802126
2023-07-18 00:00:00.000;1754-01-01 08:56:26.163;1;K510056;058-WEIL;1x1;Kokus 1 Locher;7426BA02-2141-4888-B892-03A73E09AC43;DI;11804180
2023-07-18 00:00:00.000;1754-01-01 08:56:26.177;1;K510062;064-BAD KREUZN;3x1;Kokus 1 Locher;7426BA02-2141-4888-B892-03A73E09AC43;WO;11804181
2023-07-18 00:00:00.000;1754-01-01 08:56:26.177;1;K550205;134-OSNABRUCK;3x1;Kokus 1 Locher;7426BA02-2141-4888-B892-03A73E09AC43;WO;11804182
2023-07-18 00:00:00.000;1754-01-01 08:54:58.323;1;K510066;068-FRIEDRICHS;3x1;Photinia fras. Carre Rouge;5AB3B077-1EAE-4905-8D79-046513EF5ED8;DI;11804151
2023-07-18 00:00:00.000;1754-01-01 08:54:58.337;1;K510099;109-FRECHEN;3x1;Photinia fras. Carre Rouge;5AB3B077-1EAE-4905-8D79-046513EF5ED8;DI;11804152
2023-07-18 00:00:00.000;1754-01-01 08:54:58.337;1;K550173;131-HALLE-PEISS;3x1;Photinia fras. Carre Rouge;5AB3B077-1EAE-4905-8D79-046513EF5ED8;DI;11804153
2023-07-18 00:00:00.000;1754-01-01 08:54:58.337;1;K510103;115-HANNOVER I;3x1;Photinia fras. Carre Rouge;5AB3B077-1EAE-4905-8D79-046513EF5ED8;WO;11804154
2023-07-18 00:00:00.000;1754-01-01 08:54:58.357;1;K510081;087-AALEN;3x1;Photinia fras. Carre Rouge;5AB3B077-1EAE-4905-8D79-046513EF5ED8;DO;11804155
2023-07-18 00:00:00.000;1754-01-01 08:18:45.343;1;K510001;003-WIEN II S;1x6;Staurogyne repens;5610A526-89F2-4329-837A-047281DD0526;DI;11802295
2023-07-18 00:00:00.000;1754-01-01 08:18:45.343;1;K510103;115-HANNOVER I;1x6;Staurogyne repens;5610A526-89F2-4329-837A-047281DD0526;WO;11802296
2023-07-18 00:00:00.000;1754-01-01 15:59:58.440;1;K500021;443-VERSAND;2x1;Prunus a. Stella;6C6F083A-0FA0-4517-9B5A-04E6762AF82A;DI;11812588
2023-07-18 00:00:00.000;1754-01-01 09:19:14.870;1;K510020;022-HALLE;1x4;ANTHURIUM LIVIUM;46734814-AE49-4028-92E6-05475B8EDBE1;DI;11804796
2023-07-18 00:00:00.000;1754-01-01 09:19:14.870;1;K510026;028-CHEMNITZ-RO;1x4;ANTHURIUM LIVIUM;46734814-AE49-4028-92E6-05475B8EDBE1;DI;11804797
2023-07-18 00:00:00.000;1754-01-01 09:19:14.870;1;K510060;062-LAHR;1x4;ANTHURIUM LIVIUM;46734814-AE49-4028-92E6-05475B8EDBE1;DI;11804798
2023-07-18 00:00:00.000;1754-01-01 09:19:14.887;1;K510041;043-AUGSB I (L);1x4;ANTHURIUM LIVIUM;46734814-AE49-4028-92E6-05475B8EDBE1;WO;11804799
2023-07-18 00:00:00.000;1754-01-01 09:19:14.887;1;K550101;125-ERDING;1x4;ANTHURIUM LIVIUM;46734814-AE49-4028-92E6-05475B8EDBE1;WO;11804800
2023-07-18 00:00:00.000;1754-01-01 11:10:55.797;1;K510081;087-AALEN;1x4;CALATHEA WHITESTAR T14;51793634-0959-43B0-AC4E-05DAC1C3058F;DO;11806816
2023-07-18 00:00:00.000;1754-01-01 11:10:55.810;1;K510014;016-EICHENZELL;1x4;CALATHEA WHITESTAR T14;51793634-0959-43B0-AC4E-05DAC1C3058F;WO;11806817
2023-07-18 00:00:00.000;1754-01-01 11:10:55.810;1;K510015;017-FUERTH;1x4;CALATHEA WHITESTAR T14;51793634-0959-43B0-AC4E-05DAC1C3058F;WO;11806818
2023-07-18 00:00:00.000;1754-01-01 11:10:55.810;1;K510052;054-WEIDEN;1x4;CALATHEA WHITESTAR T14;51793634-0959-43B0-AC4E-05DAC1C3058F;WO;11806819
2023-07-18 00:00:00.000;1754-01-01 11:10:55.810;1;K510086;092-WUERZBURG;1x4;CALATHEA WHITESTAR T14;51793634-0959-43B0-AC4E-05DAC1C3058F;WO;11806820
2023-07-18 00:00:00.000;1754-01-01 11:10:55.810;1;K510087;093-BOEBLINGEN;1x4;CALATHEA WHITESTAR T14;51793634-0959-43B0-AC4E-05DAC1C3058F;WO;11806821
2023-07-18 00:00:00.000;1754-01-01 11:10:55.827;1;K510093;101-TRAUNSTEIN;1x4;CALATHEA WHITESTAR T14;51793634-0959-43B0-AC4E-05DAC1C3058F;WO;11806822
2023-07-18 00:00:00.000;1754-01-01 11:10:55.827;1;K510100;110-DRESDEN II;1x4;CALATHEA WHITESTAR T14;51793634-0959-43B0-AC4E-05DAC1C3058F;WO;11806823
2023-07-18 00:00:00.000;1754-01-01 11:10:55.827;1;K510004;006-SEIERSBERG;1x4;CALATHEA WHITESTAR T14;51793634-0959-43B0-AC4E-05DAC1C3058F;WO;11806824
2023-07-18 00:00:00.000;1754-01-01 11:10:55.827;1;K550133;170-WELS;1x4;CALATHEA WHITESTAR T14;51793634-0959-43B0-AC4E-05DAC1C3058F;WO;11806825
2023-07-18 00:00:00.000;1754-01-01 11:10:55.827;1;K550229;175-VILLACH;1x4;CALATHEA WHITESTAR T14;51793634-0959-43B0-AC4E-05DAC1C3058F;WO;11806826
2023-07-18 00:00:00.000;1754-01-01 11:10:55.843;1;K510031;033-MEERANE;1x4;CALATHEA WHITESTAR T14;51793634-0959-43B0-AC4E-05DAC1C3058F;DI;11806827
2023-07-18 00:00:00.000;1754-01-01 11:10:55.843;1;K510063;065-KOBLENZ;1x4;CALATHEA WHITESTAR T14;51793634-0959-43B0-AC4E-05DAC1C3058F;DI;11806828
2023-07-18 00:00:00.000;1754-01-01 11:10:55.843;1;K510064;066-KOENIGSBRU;1x4;CALATHEA WHITESTAR T14;51793634-0959-43B0-AC4E-05DAC1C3058F;DI;11806829
2023-07-18 00:00:00.000;1754-01-01 11:10:55.843;1;K510097;107-HAMBURG I;1x4;CALATHEA WHITESTAR T14;51793634-0959-43B0-AC4E-05DAC1C3058F;DI;11806830
2023-07-18 00:00:00.000;1754-01-01 11:10:55.857;1;K550173;131-HALLE-PEISS;1x4;CALATHEA WHITESTAR T14;51793634-0959-43B0-AC4E-05DAC1C3058F;DI;11806831
2023-07-18 00:00:00.000;1754-01-01 11:10:55.857;1;K550221;174-NEUNKIRCHE;1x4;CALATHEA WHITESTAR T14;51793634-0959-43B0-AC4E-05DAC1C3058F;DI;11806832
2023-07-18 00:00:00.000;1754-01-01 14:06:11.397;1;K510051;053-DRESDEN I;1x6;Spiraea jap. Genpei;316B0681-176F-4D07-84C4-06B52ECBA035;DI;11810080
2023-07-18 00:00:00.000;1754-01-01 14:06:11.413;1;K510053;055-PASSAU;2x6;Spiraea jap. Genpei;316B0681-176F-4D07-84C4-06B52ECBA035;DI;11810081
2023-07-18 00:00:00.000;1754-01-01 14:06:11.413;1;K510056;058-WEIL;4x6;Spiraea jap. Genpei;316B0681-176F-4D07-84C4-06B52ECBA035;DI;11810082
2023-07-18 00:00:00.000;1754-01-01 14:06:11.413;1;K510057;059-NEUSTADT;2x6;Spiraea jap. Genpei;316B0681-176F-4D07-84C4-06B52ECBA035;DI;11810083
2023-07-18 00:00:00.000;1754-01-01 14:06:11.413;1;K510060;062-LAHR;2x6;Spiraea jap. Genpei;316B0681-176F-4D07-84C4-06B52ECBA035;DI;11810084
2023-07-18 00:00:00.000;1754-01-01 14:06:11.413;1;K510068;070-MUENCH. IV;1x6;Spiraea jap. Genpei;316B0681-176F-4D07-84C4-06B52ECBA035;DI;11810085
2023-07-18 00:00:00.000;1754-01-01 14:06:11.427;1;K510071;074-GERMERING;2x6;Spiraea jap. Genpei;316B0681-176F-4D07-84C4-06B52ECBA035;DI;11810086
2023-07-18 00:00:00.000;1754-01-01 14:06:11.427;1;K510077;083-NUERNB II;3x6;Spiraea jap. Genpei;316B0681-176F-4D07-84C4-06B52ECBA035;DI;11810087
2023-07-18 00:00:00.000;1754-01-01 14:06:11.427;1;K510080;086-AUGSB III;3x6;Spiraea jap. Genpei;316B0681-176F-4D07-84C4-06B52ECBA035;DI;11810088
2023-07-18 00:00:00.000;1754-01-01 14:06:11.427;1;K510082;088-LANDSHUT;2x6;Spiraea jap. Genpei;316B0681-176F-4D07-84C4-06B52ECBA035;DI;11810089
2023-07-18 00:00:00.000;1754-01-01 14:06:11.427;1;K510088;094-PFULLINGEN;2x6;Spiraea jap. Genpei;316B0681-176F-4D07-84C4-06B52ECBA035;DI;11810090
2023-07-18 00:00:00.000;1754-01-01 14:06:11.443;1;K510089;095-BAMBERG;2x6;Spiraea jap. Genpei;316B0681-176F-4D07-84C4-06B52ECBA035;DI;11810091
2023-07-18 00:00:00.000;1754-01-01 14:06:11.443;1;K510097;107-HAMBURG I;2x6;Spiraea jap. Genpei;316B0681-176F-4D07-84C4-06B52ECBA035;DI;11810092
2023-07-18 00:00:00.000;1754-01-01 14:06:11.443;1;K510098;108-HAMBURG II;2x6;Spiraea jap. Genpei;316B0681-176F-4D07-84C4-06B52ECBA035;DI;11810093
2023-07-18 00:00:00.000;1754-01-01 14:06:11.443;1;K550218;113-CHEMNITZ;2x6;Spiraea jap. Genpei;316B0681-176F-4D07-84C4-06B52ECBA035;DI;11810094
2023-07-18 00:00:00.000;1754-01-01 14:06:11.443;1;K550132;124-LIMBURG;3x6;Spiraea jap. Genpei;316B0681-176F-4D07-84C4-06B52ECBA035;DI;11810095
2023-07-18 00:00:00.000;1754-01-01 14:06:11.460;1;K550173;131-HALLE-PEISS;2x6;Spiraea jap. Genpei;316B0681-176F-4D07-84C4-06B52ECBA035;DI;11810096
2023-07-18 00:00:00.000;1754-01-01 14:06:11.460;1;K550220;136-BOUS;2x6;Spiraea jap. Genpei;316B0681-176F-4D07-84C4-06B52ECBA035;DI;11810097
2023-07-18 00:00:00.000;1754-01-01 14:06:11.460;1;K550226;137-HOECHSTADT;2x6;Spiraea jap. Genpei;316B0681-176F-4D07-84C4-06B52ECBA035;DI;11810098
2023-07-18 00:00:00.000;1754-01-01 14:06:11.473;1;K510002;004-VOELS-CYTA;2x6;Spiraea jap. Genpei;316B0681-176F-4D07-84C4-06B52ECBA035;WO;11810099
2023-07-18 00:00:00.000;1754-01-01 14:06:11.473;1;K510004;006-SEIERSBERG;2x6;Spiraea jap. Genpei;316B0681-176F-4D07-84C4-06B52ECBA035;WO;11810100
2023-07-18 00:00:00.000;1754-01-01 14:06:11.473;1;K510006;008-BRUNN AM G;2x6;Spiraea jap. Genpei;316B0681-176F-4D07-84C4-06B52ECBA035;WO;11810101
2023-07-18 00:00:00.000;1754-01-01 14:06:11.473;1;K510007;009-HOHENEMS;1x6;Spiraea jap. Genpei;316B0681-176F-4D07-84C4-06B52ECBA035;WO;11810102
2023-07-18 00:00:00.000;1754-01-01 14:06:11.473;1;K550133;170-WELS;2x6;Spiraea jap. Genpei;316B0681-176F-4D07-84C4-06B52ECBA035;WO;11810103
2023-07-18 00:00:00.000;1754-01-01 14:06:11.490;1;K550186;172-KLAGENFURT;2x6;Spiraea jap. Genpei;316B0681-176F-4D07-84C4-06B52ECBA035;WO;11810104
2023-07-18 00:00:00.000;1754-01-01 14:06:11.490;1;K550201;173-WALS-SIEZE;3x6;Spiraea jap. Genpei;316B0681-176F-4D07-84C4-06B52ECBA035;WO;11810105
2023-07-18 00:00:00.000;1754-01-01 14:06:11.490;1;K550229;175-VILLACH;2x6;Spiraea jap. Genpei;316B0681-176F-4D07-84C4-06B52ECBA035;WO;11810106
2023-07-18 00:00:00.000;1754-01-01 14:06:11.490;1;K510012;014-ROEDENTAL;2x6;Spiraea jap. Genpei;316B0681-176F-4D07-84C4-06B52ECBA035;WO;11810107
2023-07-18 00:00:00.000;1754-01-01 14:06:11.507;1;K510016;018-LUDWIGSHAF;1x6;Spiraea jap. Genpei;316B0681-176F-4D07-84C4-06B52ECBA035;WO;11810108
2023-07-18 00:00:00.000;1754-01-01 09:03:40.740;1;K550219;123-MONTABAUR;5x1;Panicum virgatum Northwind;F03C751D-E77E-41F5-B301-06D31B3189B7;DI;11804407
2023-07-18 00:00:00.000;1754-01-01 09:03:40.757;1;K510003;005-ST.POELTEN;1x1;Panicum virgatum Northwind;F03C751D-E77E-41F5-B301-06D31B3189B7;DI;11804408
2023-07-18 00:00:00.000;1754-01-01 09:03:40.757;1;K550221;174-NEUNKIRCHE;2x1;Panicum virgatum Northwind;F03C751D-E77E-41F5-B301-06D31B3189B7;DI;11804409
2023-07-18 00:00:00.000;1754-01-01 09:03:40.757;1;K550268;177-GERASDORF;1x1;Panicum virgatum Northwind;F03C751D-E77E-41F5-B301-06D31B3189B7;DI;11804410
2023-07-18 00:00:00.000;1754-01-01 09:03:40.773;1;K510019;021-RASTATT;1x1;Panicum virgatum Northwind;F03C751D-E77E-41F5-B301-06D31B3189B7;DI;11804411
2023-07-18 00:00:00.000;1754-01-01 09:03:40.773;1;K510020;022-HALLE;3x1;Panicum virgatum Northwind;F03C751D-E77E-41F5-B301-06D31B3189B7;DI;11804412
2023-07-18 00:00:00.000;1754-01-01 09:03:40.773;1;K510023;025-WORMS;2x1;Panicum virgatum Northwind;F03C751D-E77E-41F5-B301-06D31B3189B7;DI;11804413
2023-07-18 00:00:00.000;1754-01-01 09:03:40.773;1;K510024;026-HOMBURG;1x1;Panicum virgatum Northwind;F03C751D-E77E-41F5-B301-06D31B3189B7;DI;11804414
2023-07-18 00:00:00.000;1754-01-01 09:03:40.773;1;K510029;031-PLOCHINGEN;3x1;Panicum virgatum Northwind;F03C751D-E77E-41F5-B301-06D31B3189B7;DI;11804415
2023-07-18 00:00:00.000;1754-01-01 09:03:40.773;1;K510031;033-MEERANE;2x1;Panicum virgatum Northwind;F03C751D-E77E-41F5-B301-06D31B3189B7;DI;11804416
2023-07-18 00:00:00.000;1754-01-01 09:03:40.790;1;K510035;037-SCHWAEBISC;2x1;Panicum virgatum Northwind;F03C751D-E77E-41F5-B301-06D31B3189B7;DI;11804417
2023-07-18 00:00:00.000;1754-01-01 09:03:40.790;1;K510042;044-KAUFBEUREN;4x1;Panicum virgatum Northwind;F03C751D-E77E-41F5-B301-06D31B3189B7;DI;11804418
2023-07-18 00:00:00.000;1754-01-01 09:03:40.790;1;K510045;047-ULLA-NOHRA;5x1;Panicum virgatum Northwind;F03C751D-E77E-41F5-B301-06D31B3189B7;DI;11804419
2023-07-18 00:00:00.000;1754-01-01 09:03:40.790;1;K510053;055-PASSAU;3x1;Panicum virgatum Northwind;F03C751D-E77E-41F5-B301-06D31B3189B7;DI;11804420
2023-07-18 00:00:00.000;1754-01-01 09:03:40.790;1;K510055;057-OBERKOTZAU;6x1;Panicum virgatum Northwind;F03C751D-E77E-41F5-B301-06D31B3189B7;DI;11804421
2023-07-18 00:00:00.000;1754-01-01 09:03:40.807;1;K510057;059-NEUSTADT;3x1;Panicum virgatum Northwind;F03C751D-E77E-41F5-B301-06D31B3189B7;DI;11804422
2023-07-18 00:00:00.000;1754-01-01 09:03:40.807;1;K510063;065-KOBLENZ;5x1;Panicum virgatum Northwind;F03C751D-E77E-41F5-B301-06D31B3189B7;DI;11804423
2023-07-18 00:00:00.000;1754-01-01 09:03:40.807;1;K510068;070-MUENCH. IV;5x1;Panicum virgatum Northwind;F03C751D-E77E-41F5-B301-06D31B3189B7;DI;11804424
2023-07-18 00:00:00.000;1754-01-01 09:03:40.807;1;K510079;085-DIETZENBAC;1x1;Panicum virgatum Northwind;F03C751D-E77E-41F5-B301-06D31B3189B7;DI;11804425
2023-07-18 00:00:00.000;1754-01-01 09:03:40.807;1;K510088;094-PFULLINGEN;2x1;Panicum virgatum Northwind;F03C751D-E77E-41F5-B301-06D31B3189B7;DI;11804426
2023-07-18 00:00:00.000;1754-01-01 09:03:40.820;1;K510089;095-BAMBERG;2x1;Panicum virgatum Northwind;F03C751D-E77E-41F5-B301-06D31B3189B7;DI;11804427
2023-07-18 00:00:00.000;1754-01-01 09:03:40.820;1;K550185;102-FILDERSTADT;4x1;Panicum virgatum Northwind;F03C751D-E77E-41F5-B301-06D31B3189B7;DI;11804428
2023-07-18 00:00:00.000;1754-01-01 09:03:40.820;1;K510097;107-HAMBURG I;7x1;Panicum virgatum Northwind;F03C751D-E77E-41F5-B301-06D31B3189B7;DI;11804429
2023-07-18 00:00:00.000;1754-01-01 09:03:40.820;1;K550211;114-ERFURT;2x1;Panicum virgatum Northwind;F03C751D-E77E-41F5-B301-06D31B3189B7;DI;11804430
2023-07-18 00:00:00.000;1754-01-01 09:03:40.820;1;K550212;122-DUESSELDOR;2x1;Panicum virgatum Northwind;F03C751D-E77E-41F5-B301-06D31B3189B7;DI;11804431
2023-07-18 00:00:00.000;1754-01-01 09:03:40.837;1;K550219;123-MONTABAUR;1x1;Panicum virgatum Northwind;F03C751D-E77E-41F5-B301-06D31B3189B7;DI;11804432
2023-07-18 00:00:00.000;1754-01-01 09:03:40.837;1;K550120;128-KARLSBAD;1x1;Panicum virgatum Northwind;F03C751D-E77E-41F5-B301-06D31B3189B7;DI;11804433
2023-07-18 00:00:00.000;1754-01-01 09:03:40.837;1;K550163;129-FRANKFURT;5x1;Panicum virgatum Northwind;F03C751D-E77E-41F5-B301-06D31B3189B7;DI;11804434
2023-07-18 00:00:00.000;1754-01-01 09:03:40.837;1;K550173;131-HALLE-PEISS;3x1;Panicum virgatum Northwind;F03C751D-E77E-41F5-B301-06D31B3189B7;DI;11804435
2023-07-18 00:00:00.000;1754-01-01 09:03:40.837;1;K550220;136-BOUS;3x1;Panicum virgatum Northwind;F03C751D-E77E-41F5-B301-06D31B3189B7;DI;11804436
2023-07-18 00:00:00.000;1754-01-01 09:03:40.853;1;K510005;007-WIEN-HIRSCH;5x1;Panicum virgatum Northwind;F03C751D-E77E-41F5-B301-06D31B3189B7;WO;11804437
2023-07-18 00:00:00.000;1754-01-01 09:03:40.853;1;K550207;171-WIENER NEUS;2x1;Panicum virgatum Northwind;F03C751D-E77E-41F5-B301-06D31B3189B7;WO;11804438
2023-07-18 00:00:00.000;1754-01-01 09:03:40.853;1;K550186;172-KLAGENFURT;1x1;Panicum virgatum Northwind;F03C751D-E77E-41F5-B301-06D31B3189B7;WO;11804439
2023-07-18 00:00:00.000;1754-01-01 09:03:40.853;1;K550201;173-WALS-SIEZE;1x1;Panicum virgatum Northwind;F03C751D-E77E-41F5-B301-06D31B3189B7;WO;11804440
2023-07-18 00:00:00.000;1754-01-01 09:03:40.867;1;K550230;176-ANIF;2x1;Panicum virgatum Northwind;F03C751D-E77E-41F5-B301-06D31B3189B7;WO;11804441
2023-07-18 00:00:00.000;1754-01-01 09:03:40.867;1;K510011;013-BENSHEIM;2x1;Panicum virgatum Northwind;F03C751D-E77E-41F5-B301-06D31B3189B7;WO;11804442
2023-07-18 00:00:00.000;1754-01-01 09:03:40.867;1;K510012;014-ROEDENTAL;4x1;Panicum virgatum Northwind;F03C751D-E77E-41F5-B301-06D31B3189B7;WO;11804443
2023-07-18 00:00:00.000;1754-01-01 09:03:40.867;1;K510014;016-EICHENZELL;1x1;Panicum virgatum Northwind;F03C751D-E77E-41F5-B301-06D31B3189B7;WO;11804444
2023-07-18 00:00:00.000;1754-01-01 09:03:40.883;1;K510016;018-LUDWIGSHAF;3x1;Panicum virgatum Northwind;F03C751D-E77E-41F5-B301-06D31B3189B7;WO;11804445
2023-07-18 00:00:00.000;1754-01-01 09:03:40.883;1;K510025;027-TRIER;2x1;Panicum virgatum Northwind;F03C751D-E77E-41F5-B301-06D31B3189B7;WO;11804446
2023-07-18 00:00:00.000;1754-01-01 09:03:40.883;1;K510040;042-HOFHEIM;3x1;Panicum virgatum Northwind;F03C751D-E77E-41F5-B301-06D31B3189B7;WO;11804447
2023-07-18 00:00:00.000;1754-01-01 09:03:40.883;1;K510049;051-MEMMINGEN;1x1;Panicum virgatum Northwind;F03C751D-E77E-41F5-B301-06D31B3189B7;WO;11804448
2023-07-18 00:00:00.000;1754-01-01 09:03:40.883;1;K510058;060-MANNHEIM;2x1;Panicum virgatum Northwind;F03C751D-E77E-41F5-B301-06D31B3189B7;WO;11804449
2023-07-18 00:00:00.000;1754-01-01 09:03:40.903;1;K510059;061-NEUWIED;4x1;Panicum virgatum Northwind;F03C751D-E77E-41F5-B301-06D31B3189B7;WO;11804450
2023-07-18 00:00:00.000;1754-01-01 09:03:40.903;1;K510061;063-BAD DUERRH;4x1;Panicum virgatum Northwind;F03C751D-E77E-41F5-B301-06D31B3189B7;WO;11804451
2023-07-18 00:00:00.000;1754-01-01 09:03:40.903;1;K510087;093-BOEBLINGEN;7x1;Panicum virgatum Northwind;F03C751D-E77E-41F5-B301-06D31B3189B7;WO;11804452
2023-07-18 00:00:00.000;1754-01-01 09:03:40.903;1;K510092;098-RAVENSBURG;1x1;Panicum virgatum Northwind;F03C751D-E77E-41F5-B301-06D31B3189B7;WO;11804453
2023-07-18 00:00:00.000;1754-01-01 09:03:40.903;1;K510095;104-DUSSELDORF;1x1;Panicum virgatum Northwind;F03C751D-E77E-41F5-B301-06D31B3189B7;WO;11804454
2023-07-18 00:00:00.000;1754-01-01 09:03:40.903;1;K510101;111-LANGENFELD;2x1;Panicum virgatum Northwind;F03C751D-E77E-41F5-B301-06D31B3189B7;WO;11804455
2023-07-18 00:00:00.000;1754-01-01 09:03:40.920;1;K510103;115-HANNOVER I;2x1;Panicum virgatum Northwind;F03C751D-E77E-41F5-B301-06D31B3189B7;WO;11804456
2023-07-18 00:00:00.000;1754-01-01 09:03:40.920;1;K510104;117-KIEL;6x1;Panicum virgatum Northwind;F03C751D-E77E-41F5-B301-06D31B3189B7;WO;11804457
2023-07-18 00:00:00.000;1754-01-01 09:03:40.920;1;K550006;120-BOENNINGSTE;2x1;Panicum virgatum Northwind;F03C751D-E77E-41F5-B301-06D31B3189B7;WO;11804458
2023-07-18 00:00:00.000;1754-01-01 09:03:40.920;1;K550275;121-NEUNKIRCHE;5x1;Panicum virgatum Northwind;F03C751D-E77E-41F5-B301-06D31B3189B7;WO;11804459
2023-07-18 00:00:00.000;1754-01-01 09:03:40.920;1;K550183;130-INGOLSTADT;1x1;Panicum virgatum Northwind;F03C751D-E77E-41F5-B301-06D31B3189B7;WO;11804460
2023-07-18 00:00:00.000;1754-01-01 09:03:40.937;1;K550204;133-MUNSTER;2x1;Panicum virgatum Northwind;F03C751D-E77E-41F5-B301-06D31B3189B7;WO;11804461
2023-07-18 00:00:00.000;1754-01-01 09:03:40.937;1;K550056;140-HORB;1x1;Panicum virgatum Northwind;F03C751D-E77E-41F5-B301-06D31B3189B7;WO;11804462
2023-07-18 00:00:00.000;1754-01-01 10:18:26.907;1;K510010;012-WITTEN;1x4;Clematis Princess Kate;49615FC3-908F-454A-B7C7-0812386A2273;DI;11805812
2023-07-18 00:00:00.000;1754-01-01 10:18:26.920;1;K510055;057-OBERKOTZAU;1x4;Clematis Princess Kate;49615FC3-908F-454A-B7C7-0812386A2273;DI;11805813
2023-07-18 00:00:00.000;1754-01-01 10:18:26.920;1;K510098;108-HAMBURG II;1x4;Clematis Princess Kate;49615FC3-908F-454A-B7C7-0812386A2273;DI;11805814
2023-07-18 00:00:00.000;1754-01-01 10:18:26.920;1;K510005;007-WIEN-HIRSCH;1x4;Clematis Princess Kate;49615FC3-908F-454A-B7C7-0812386A2273;WO;11805815
2023-07-18 00:00:00.000;1754-01-01 10:18:26.920;1;K510016;018-LUDWIGSHAF;1x4;Clematis Princess Kate;49615FC3-908F-454A-B7C7-0812386A2273;WO;11805816
2023-07-18 00:00:00.000;1754-01-01 10:18:26.937;1;K510102;112-KAMEN;1x4;Clematis Princess Kate;49615FC3-908F-454A-B7C7-0812386A2273;WO;11805817
2023-07-18 00:00:00.000;1754-01-01 16:00:53.053;1;K500021;443-VERSAND;5x1;Ribes Low Little Black Sugar;6308D6FD-86DF-48DF-AD24-081B07299EEC;DI;11812606
2023-07-18 00:00:00.000;1754-01-01 16:00:53.053;1;K500021;443-VERSAND;1x1;Ribes Low Little Black Sugar;6308D6FD-86DF-48DF-AD24-081B07299EEC;DI;11812607
2023-07-18 00:00:00.000;1754-01-01 08:16:43.703;1;K500021;443-VERSAND;20x1;Hedera Weissbunt;B2566DE2-807D-406C-B405-0861395205B9;VR;11802156
2023-07-18 00:00:00.000;1754-01-01 08:06:02.870;1;K500021;443-VERSAND;1x12;Hedera in Sorten;88BAE8E2-1F7D-4A19-98A2-086F59C8480C;VR;11801937
2023-07-18 00:00:00.000;1754-01-01 08:06:02.887;1;K500021;443-VERSAND;1x12;Hedera in Sorten;88BAE8E2-1F7D-4A19-98A2-086F59C8480C;DI;11801938
2023-07-18 00:00:00.000;1754-01-01 08:06:02.887;1;K510001;003-WIEN II S;1x12;Hedera in Sorten;88BAE8E2-1F7D-4A19-98A2-086F59C8480C;DI;11801939
2023-07-18 00:00:00.000;1754-01-01 08:06:02.887;1;K550268;177-GERASDORF;1x12;Hedera in Sorten;88BAE8E2-1F7D-4A19-98A2-086F59C8480C;DI;11801940
